Title,Description,Category,Priority,Status,RequesterEmail
Vestibulum ac est lacinia nisi venenatis tristique.,"In hac habitasse platea dictumst. Morbi vestibulum, velit id pretium iaculis, diam erat fermentum justo, nec condimentum neque sapien placerat ante. Nulla justo.

Aliquam quis turpis eget elit sodales scelerisque. Mauris sit amet eros. Suspendisse accumsan tortor quis turpis.",Campus Facilities,High,Closed,student2@testcollege.edu
Phasellus sit amet erat.,"Lorem ipsum dolor sit amet, consectetuer adipiscing elit. Proin risus. Praesent lectus.

Vestibulum quam sapien, varius ut, blandit non, interdum in, ante. Vestibulum ante ipsum primis in faucibus orci luctus et ultrices posuere cubilia Curae; Duis faucibus accumsan odio. Curabitur convallis.",Library,High,Closed,student3@testcollege.edu
Fusce posuere felis sed lacus.,"Cum sociis natoque penatibus et magnis dis parturient montes, nascetur ridiculus mus. Vivamus vestibulum sagittis sapien. Cum sociis natoque penatibus et magnis dis parturient montes, nascetur ridiculus mus.",Campus Facilities,Medium,New,student4@testcollege.edu
Morbi a ipsum.,Duis bibendum. Morbi non quam nec dui luctus rutrum. Nulla tellus.,Accounts,Medium,Closed,student5@testcollege.edu
Mauris ullamcorper purus sit amet nulla.,Maecenas ut massa quis augue luctus tincidunt. Nulla mollis molestie lorem. Quisque ut erat.,Accounts,Low,In Progress,student6@testcollege.edu
"Lorem ipsum dolor sit amet, consectetuer adipiscing elit.",Duis aliquam convallis nunc. Proin at turpis a pede posuere nonummy. Integer non velit.,Campus Facilities,High,In Progress,student7@testcollege.edu
In quis justo.,"Proin eu mi. Nulla ac enim. In tempor, turpis nec euismod scelerisque, quam turpis adipiscing lorem, vitae mattis nibh ligula nec sem.",Campus Facilities,High,In Progress,student8@testcollege.edu
Nulla nisl.,"Duis bibendum. Morbi non quam nec dui luctus rutrum. Nulla tellus.

In sagittis dui vel nisl. Duis ac nibh. Fusce lacus purus, aliquet at, feugiat non, pretium quis, lectus.",Accounts,High,Closed,student9@testcollege.edu
In congue.,"Maecenas leo odio, condimentum id, luctus nec, molestie sed, justo. Pellentesque viverra pede ac diam. Cras pellentesque volutpat dui.

Maecenas tristique, est et tempus semper, est quam pharetra magna, ac consequat metus sapien ut nunc. Vestibulum ante ipsum primis in faucibus orci luctus et ultrices posuere cubilia Curae; Mauris viverra diam vitae quam. Suspendisse potenti.",Campus Facilities,High,New,student10@testcollege.edu
"Lorem ipsum dolor sit amet, consectetuer adipiscing elit.","Curabitur gravida nisi at nibh. In hac habitasse platea dictumst. Aliquam augue quam, sollicitudin vitae, consectetuer eget, rutrum at, lorem.",IT,Low,New,mehtadhup@gmail.com
Morbi vel lectus in quam fringilla rhoncus.,Aenean lectus. Pellentesque eget nunc. Donec quis orci eget orci vehicula condimentum.,Accounts,Low,New,student12@testcollege.edu
"Lorem ipsum dolor sit amet, consectetuer adipiscing elit.","In quis justo. Maecenas rhoncus aliquam lacus. Morbi quis tortor id nulla ultrices aliquet.

Maecenas leo odio, condimentum id, luctus nec, molestie sed, justo. Pellentesque viverra pede ac diam. Cras pellentesque volutpat dui.",Library,Medium,Closed,student13@testcollege.edu
Suspendisse ornare consequat lectus.,In quis justo. Maecenas rhoncus aliquam lacus. Morbi quis tortor id nulla ultrices aliquet.,Library,High,Closed,student14@testcollege.edu
"Cum sociis natoque penatibus et magnis dis parturient montes, nascetur ridiculus mus.","Quisque porta volutpat erat. Quisque erat eros, viverra eget, congue eget, semper rutrum, nulla. Nunc purus.",Campus Facilities,Medium,Closed,student15@testcollege.edu
Suspendisse potenti.,"Maecenas ut massa quis augue luctus tincidunt. Nulla mollis molestie lorem. Quisque ut erat.

Curabitur gravida nisi at nibh. In hac habitasse platea dictumst. Aliquam augue quam, sollicitudin vitae, consectetuer eget, rutrum at, lorem.",IT,Medium,Closed,student16@testcollege.edu
Duis aliquam convallis nunc.,"Phasellus in felis. Donec semper sapien a libero. Nam dui.

Proin leo odio, porttitor id, consequat in, consequat ut, nulla. Sed accumsan felis. Ut at dolor quis odio consequat varius.",Campus Facilities,Low,In Progress,student17@testcollege.edu
Aenean sit amet justo.,Nullam porttitor lacus at turpis. Donec posuere metus vitae ipsum. Aliquam non mauris.,Campus Facilities,High,Closed,student18@testcollege.edu
"Morbi sem mauris, laoreet ut, rhoncus aliquet, pulvinar sed, nisl.","Quisque id justo sit amet sapien dignissim vestibulum. Vestibulum ante ipsum primis in faucibus orci luctus et ultrices posuere cubilia Curae; Nulla dapibus dolor vel est. Donec odio justo, sollicitudin ut, suscipit a, feugiat et, eros.",Accounts,Low,In Progress,student19@testcollege.edu
"Vestibulum quam sapien, varius ut, blandit non, interdum in, ante.",Phasellus in felis. Donec semper sapien a libero. Nam dui.,Campus Facilities,High,New,mehtadhup@gmail.com
Duis bibendum.,"Nam ultrices, libero non mattis pulvinar, nulla pede ullamcorper augue, a suscipit nulla elit ac nulla. Sed vel enim sit amet nunc viverra dapibus. Nulla suscipit ligula in lacus.

Curabitur at ipsum ac tellus semper interdum. Mauris ullamcorper purus sit amet nulla. Quisque arcu libero, rutrum ac, lobortis vel, dapibus at, diam.",IT,Medium,In Progress,mehtadhup@gmail.com
Pellentesque eget nunc.,"Morbi porttitor lorem id ligula. Suspendisse ornare consequat lectus. In est risus, auctor sed, tristique in, tempus sit amet, sem.",Accounts,Medium,In Progress,student22@testcollege.edu
"In tempor, turpis nec euismod scelerisque, quam turpis adipiscing lorem, vitae mattis nibh ligula nec sem.",Duis aliquam convallis nunc. Proin at turpis a pede posuere nonummy. Integer non velit.,IT,Low,In Progress,mehtadhup@gmail.com
Etiam justo.,"Duis aliquam convallis nunc. Proin at turpis a pede posuere nonummy. Integer non velit.

Donec diam neque, vestibulum eget, vulputate ut, ultrices vel, augue. Vestibulum ante ipsum primis in faucibus orci luctus et ultrices posuere cubilia Curae; Donec pharetra, magna vestibulum aliquet ultrices, erat tortor sollicitudin mi, sit amet lobortis sapien sapien non mi. Integer ac neque.",IT,Low,Closed,student24@testcollege.edu
Phasellus id sapien in sapien iaculis congue.,"Aenean fermentum. Donec ut mauris eget massa tempor convallis. Nulla neque libero, convallis eget, eleifend luctus, ultricies eu, nibh.",IT,High,New,mehtadhup@gmail.com
Mauris sit amet eros.,Integer ac leo. Pellentesque ultrices mattis odio. Donec vitae nisi.,Accounts,Low,In Progress,student26@testcollege.edu
Mauris lacinia sapien quis libero.,"Nullam porttitor lacus at turpis. Donec posuere metus vitae ipsum. Aliquam non mauris.

Morbi non lectus. Aliquam sit amet diam in magna bibendum imperdiet. Nullam orci pede, venenatis non, sodales sed, tincidunt eu, felis.",Library,Low,Closed,student27@testcollege.edu
Nullam sit amet turpis elementum ligula vehicula consequat.,Aliquam quis turpis eget elit sodales scelerisque. Mauris sit amet eros. Suspendisse accumsan tortor quis turpis.,Campus Facilities,Medium,Closed,student28@testcollege.edu
Fusce posuere felis sed lacus.,"Cum sociis natoque penatibus et magnis dis parturient montes, nascetur ridiculus mus. Vivamus vestibulum sagittis sapien. Cum sociis natoque penatibus et magnis dis parturient montes, nascetur ridiculus mus.",Library,High,New,student29@testcollege.edu
Donec dapibus.,"Pellentesque at nulla. Suspendisse potenti. Cras in purus eu magna vulputate luctus.

Cum sociis natoque penatibus et magnis dis parturient montes, nascetur ridiculus mus. Vivamus vestibulum sagittis sapien. Cum sociis natoque penatibus et magnis dis parturient montes, nascetur ridiculus mus.",IT,Low,In Progress,student30@testcollege.edu
Nullam molestie nibh in lectus.,"Integer tincidunt ante vel ipsum. Praesent blandit lacinia erat. Vestibulum sed magna at nunc commodo placerat.

Praesent blandit. Nam nulla. Integer pede justo, lacinia eget, tincidunt eget, tempus vel, pede.",IT,Medium,In Progress,student31@testcollege.edu
Duis mattis egestas metus.,"Maecenas ut massa quis augue luctus tincidunt. Nulla mollis molestie lorem. Quisque ut erat.

Curabitur gravida nisi at nibh. In hac habitasse platea dictumst. Aliquam augue quam, sollicitudin vitae, consectetuer eget, rutrum at, lorem.",Campus Facilities,High,In Progress,mehtadhup@gmail.com
Pellentesque ultrices mattis odio.,"Proin interdum mauris non ligula pellentesque ultrices. Phasellus id sapien in sapien iaculis congue. Vivamus metus arcu, adipiscing molestie, hendrerit at, vulputate vitae, nisl.

Aenean lectus. Pellentesque eget nunc. Donec quis orci eget orci vehicula condimentum.",Accounts,Medium,Closed,student33@testcollege.edu
Integer non velit.,Phasellus sit amet erat. Nulla tempus. Vivamus in felis eu sapien cursus vestibulum.,Accounts,Low,In Progress,student34@testcollege.edu
"Integer aliquet, massa id lobortis convallis, tortor risus dapibus augue, vel accumsan tellus nisi eu orci.","Phasellus sit amet erat. Nulla tempus. Vivamus in felis eu sapien cursus vestibulum.

Proin eu mi. Nulla ac enim. In tempor, turpis nec euismod scelerisque, quam turpis adipiscing lorem, vitae mattis nibh ligula nec sem.",Accounts,High,In Progress,mehtadhup@gmail.com
"Quisque erat eros, viverra eget, congue eget, semper rutrum, nulla.","Duis bibendum. Morbi non quam nec dui luctus rutrum. Nulla tellus.

In sagittis dui vel nisl. Duis ac nibh. Fusce lacus purus, aliquet at, feugiat non, pretium quis, lectus.",Library,Medium,Closed,mehtadhup@gmail.com
Praesent id massa id nisl venenatis lacinia.,"Curabitur in libero ut massa volutpat convallis. Morbi odio odio, elementum eu, interdum eu, tincidunt in, leo. Maecenas pulvinar lobortis est.

Phasellus sit amet erat. Nulla tempus. Vivamus in felis eu sapien cursus vestibulum.",IT,Medium,In Progress,student37@testcollege.edu
Morbi non quam nec dui luctus rutrum.,"In sagittis dui vel nisl. Duis ac nibh. Fusce lacus purus, aliquet at, feugiat non, pretium quis, lectus.",Library,Low,Closed,student38@testcollege.edu
In quis justo.,"Cras mi pede, malesuada in, imperdiet et, commodo vulputate, justo. In blandit ultrices enim. Lorem ipsum dolor sit amet, consectetuer adipiscing elit.

Proin interdum mauris non ligula pellentesque ultrices. Phasellus id sapien in sapien iaculis congue. Vivamus metus arcu, adipiscing molestie, hendrerit at, vulputate vitae, nisl.",Library,Medium,New,student39@testcollege.edu
Nulla mollis molestie lorem.,"Quisque porta volutpat erat. Quisque erat eros, viverra eget, congue eget, semper rutrum, nulla. Nunc purus.",IT,High,New,student40@testcollege.edu
"Morbi odio odio, elementum eu, interdum eu, tincidunt in, leo.","Nullam porttitor lacus at turpis. Donec posuere metus vitae ipsum. Aliquam non mauris.

Morbi non lectus. Aliquam sit amet diam in magna bibendum imperdiet. Nullam orci pede, venenatis non, sodales sed, tincidunt eu, felis.",Library,Low,In Progress,student41@testcollege.edu
Donec ut dolor.,"Maecenas leo odio, condimentum id, luctus nec, molestie sed, justo. Pellentesque viverra pede ac diam. Cras pellentesque volutpat dui.",IT,High,Closed,student42@testcollege.edu
"Integer pede justo, lacinia eget, tincidunt eget, tempus vel, pede.","Praesent blandit. Nam nulla. Integer pede justo, lacinia eget, tincidunt eget, tempus vel, pede.

Morbi porttitor lorem id ligula. Suspendisse ornare consequat lectus. In est risus, auctor sed, tristique in, tempus sit amet, sem.",Accounts,High,In Progress,student43@testcollege.edu
Morbi non quam nec dui luctus rutrum.,Suspendisse potenti. In eleifend quam a odio. In hac habitasse platea dictumst.,IT,Medium,In Progress,student44@testcollege.edu
Aenean sit amet justo.,"Quisque porta volutpat erat. Quisque erat eros, viverra eget, congue eget, semper rutrum, nulla. Nunc purus.",Campus Facilities,High,New,student45@testcollege.edu
Praesent lectus.,"Aenean lectus. Pellentesque eget nunc. Donec quis orci eget orci vehicula condimentum.

Curabitur in libero ut massa volutpat convallis. Morbi odio odio, elementum eu, interdum eu, tincidunt in, leo. Maecenas pulvinar lobortis est.",IT,High,In Progress,student46@testcollege.edu
"Integer aliquet, massa id lobortis convallis, tortor risus dapibus augue, vel accumsan tellus nisi eu orci.","Morbi non lectus. Aliquam sit amet diam in magna bibendum imperdiet. Nullam orci pede, venenatis non, sodales sed, tincidunt eu, felis.

Fusce posuere felis sed lacus. Morbi sem mauris, laoreet ut, rhoncus aliquet, pulvinar sed, nisl. Nunc rhoncus dui vel sem.",Accounts,Low,New,student47@testcollege.edu
"In tempor, turpis nec euismod scelerisque, quam turpis adipiscing lorem, vitae mattis nibh ligula nec sem.","Morbi porttitor lorem id ligula. Suspendisse ornare consequat lectus. In est risus, auctor sed, tristique in, tempus sit amet, sem.

Fusce consequat. Nulla nisl. Nunc nisl.",IT,Medium,Closed,student48@testcollege.edu
Cras pellentesque volutpat dui.,Phasellus sit amet erat. Nulla tempus. Vivamus in felis eu sapien cursus vestibulum.,Accounts,Medium,Closed,mehtadhup@gmail.com
Aenean sit amet justo.,"Cum sociis natoque penatibus et magnis dis parturient montes, nascetur ridiculus mus. Vivamus vestibulum sagittis sapien. Cum sociis natoque penatibus et magnis dis parturient montes, nascetur ridiculus mus.",Campus Facilities,Low,In Progress,student50@testcollege.edu
Vestibulum rutrum rutrum neque.,"Cum sociis natoque penatibus et magnis dis parturient montes, nascetur ridiculus mus. Vivamus vestibulum sagittis sapien. Cum sociis natoque penatibus et magnis dis parturient montes, nascetur ridiculus mus.",Campus Facilities,High,In Progress,student51@testcollege.edu
Duis at velit eu est congue elementum.,Duis aliquam convallis nunc. Proin at turpis a pede posuere nonummy. Integer non velit.,IT,Medium,In Progress,student52@testcollege.edu
Nulla nisl.,"Maecenas leo odio, condimentum id, luctus nec, molestie sed, justo. Pellentesque viverra pede ac diam. Cras pellentesque volutpat dui.",IT,High,Closed,student53@testcollege.edu
Phasellus id sapien in sapien iaculis congue.,"Maecenas tristique, est et tempus semper, est quam pharetra magna, ac consequat metus sapien ut nunc. Vestibulum ante ipsum primis in faucibus orci luctus et ultrices posuere cubilia Curae; Mauris viverra diam vitae quam. Suspendisse potenti.

Nullam porttitor lacus at turpis. Donec posuere metus vitae ipsum. Aliquam non mauris.",IT,High,Closed,student54@testcollege.edu
In eleifend quam a odio.,Praesent id massa id nisl venenatis lacinia. Aenean sit amet justo. Morbi ut odio.,Accounts,Low,Closed,mehtadhup@gmail.com
Pellentesque eget nunc.,"Etiam vel augue. Vestibulum rutrum rutrum neque. Aenean auctor gravida sem.

Praesent id massa id nisl venenatis lacinia. Aenean sit amet justo. Morbi ut odio.",Campus Facilities,Low,New,student56@testcollege.edu
In quis justo.,Praesent id massa id nisl venenatis lacinia. Aenean sit amet justo. Morbi ut odio.,Campus Facilities,Low,Closed,student57@testcollege.edu
Cras non velit nec nisi vulputate nonummy.,"Cras mi pede, malesuada in, imperdiet et, commodo vulputate, justo. In blandit ultrices enim. Lorem ipsum dolor sit amet, consectetuer adipiscing elit.

Proin interdum mauris non ligula pellentesque ultrices. Phasellus id sapien in sapien iaculis congue. Vivamus metus arcu, adipiscing molestie, hendrerit at, vulputate vitae, nisl.",Library,Low,Closed,student58@testcollege.edu
"Integer pede justo, lacinia eget, tincidunt eget, tempus vel, pede.",Duis aliquam convallis nunc. Proin at turpis a pede posuere nonummy. Integer non velit.,IT,Low,New,student59@testcollege.edu
Phasellus sit amet erat.,In quis justo. Maecenas rhoncus aliquam lacus. Morbi quis tortor id nulla ultrices aliquet.,Campus Facilities,Medium,In Progress,student60@testcollege.edu
Nullam varius.,"Maecenas tristique, est et tempus semper, est quam pharetra magna, ac consequat metus sapien ut nunc. Vestibulum ante ipsum primis in faucibus orci luctus et ultrices posuere cubilia Curae; Mauris viverra diam vitae quam. Suspendisse potenti.

Nullam porttitor lacus at turpis. Donec posuere metus vitae ipsum. Aliquam non mauris.",Accounts,Low,New,student61@testcollege.edu
Maecenas ut massa quis augue luctus tincidunt.,Aenean lectus. Pellentesque eget nunc. Donec quis orci eget orci vehicula condimentum.,IT,Low,New,student62@testcollege.edu
Suspendisse potenti.,"Proin leo odio, porttitor id, consequat in, consequat ut, nulla. Sed accumsan felis. Ut at dolor quis odio consequat varius.

Integer ac leo. Pellentesque ultrices mattis odio. Donec vitae nisi.",Accounts,Low,Closed,student63@testcollege.edu
Aenean auctor gravida sem.,"Cras non velit nec nisi vulputate nonummy. Maecenas tincidunt lacus at velit. Vivamus vel nulla eget eros elementum pellentesque.

Quisque porta volutpat erat. Quisque erat eros, viverra eget, congue eget, semper rutrum, nulla. Nunc purus.",Campus Facilities,High,Closed,student64@testcollege.edu
Nullam porttitor lacus at turpis.,"Donec diam neque, vestibulum eget, vulputate ut, ultrices vel, augue. Vestibulum ante ipsum primis in faucibus orci luctus et ultrices posuere cubilia Curae; Donec pharetra, magna vestibulum aliquet ultrices, erat tortor sollicitudin mi, sit amet lobortis sapien sapien non mi. Integer ac neque.",IT,Low,Closed,student65@testcollege.edu
In blandit ultrices enim.,Maecenas ut massa quis augue luctus tincidunt. Nulla mollis molestie lorem. Quisque ut erat.,IT,High,New,student66@testcollege.edu
Morbi quis tortor id nulla ultrices aliquet.,"Curabitur gravida nisi at nibh. In hac habitasse platea dictumst. Aliquam augue quam, sollicitudin vitae, consectetuer eget, rutrum at, lorem.

Integer tincidunt ante vel ipsum. Praesent blandit lacinia erat. Vestibulum sed magna at nunc commodo placerat.",Campus Facilities,High,In Progress,student67@testcollege.edu
Quisque ut erat.,"Curabitur in libero ut massa volutpat convallis. Morbi odio odio, elementum eu, interdum eu, tincidunt in, leo. Maecenas pulvinar lobortis est.

Phasellus sit amet erat. Nulla tempus. Vivamus in felis eu sapien cursus vestibulum.",IT,Low,New,student68@testcollege.edu
Aenean fermentum.,"Fusce posuere felis sed lacus. Morbi sem mauris, laoreet ut, rhoncus aliquet, pulvinar sed, nisl. Nunc rhoncus dui vel sem.",IT,Medium,New,student69@testcollege.edu
Mauris sit amet eros.,"Proin eu mi. Nulla ac enim. In tempor, turpis nec euismod scelerisque, quam turpis adipiscing lorem, vitae mattis nibh ligula nec sem.",Accounts,Medium,In Progress,student70@testcollege.edu
Cras pellentesque volutpat dui.,"Sed sagittis. Nam congue, risus semper porta volutpat, quam pede lobortis ligula, sit amet eleifend pede libero quis orci. Nullam molestie nibh in lectus.

Pellentesque at nulla. Suspendisse potenti. Cras in purus eu magna vulputate luctus.",IT,High,In Progress,student71@testcollege.edu
In congue.,"Vestibulum quam sapien, varius ut, blandit non, interdum in, ante. Vestibulum ante ipsum primis in faucibus orci luctus et ultrices posuere cubilia Curae; Duis faucibus accumsan odio. Curabitur convallis.

Duis consequat dui nec nisi volutpat eleifend. Donec ut dolor. Morbi vel lectus in quam fringilla rhoncus.",IT,Low,New,student72@testcollege.edu
Vivamus in felis eu sapien cursus vestibulum.,"Morbi porttitor lorem id ligula. Suspendisse ornare consequat lectus. In est risus, auctor sed, tristique in, tempus sit amet, sem.",Accounts,Medium,In Progress,student73@testcollege.edu
Nulla tellus.,"Maecenas tristique, est et tempus semper, est quam pharetra magna, ac consequat metus sapien ut nunc. Vestibulum ante ipsum primis in faucibus orci luctus et ultrices posuere cubilia Curae; Mauris viverra diam vitae quam. Suspendisse potenti.

Nullam porttitor lacus at turpis. Donec posuere metus vitae ipsum. Aliquam non mauris.",IT,High,Closed,student74@testcollege.edu
"In tempor, turpis nec euismod scelerisque, quam turpis adipiscing lorem, vitae mattis nibh ligula nec sem.","Phasellus in felis. Donec semper sapien a libero. Nam dui.

Proin leo odio, porttitor id, consequat in, consequat ut, nulla. Sed accumsan felis. Ut at dolor quis odio consequat varius.",IT,Low,New,student75@testcollege.edu
Cras pellentesque volutpat dui.,"Donec diam neque, vestibulum eget, vulputate ut, ultrices vel, augue. Vestibulum ante ipsum primis in faucibus orci luctus et ultrices posuere cubilia Curae; Donec pharetra, magna vestibulum aliquet ultrices, erat tortor sollicitudin mi, sit amet lobortis sapien sapien non mi. Integer ac neque.

Duis bibendum. Morbi non quam nec dui luctus rutrum. Nulla tellus.",IT,High,In Progress,student76@testcollege.edu
Phasellus sit amet erat.,"In quis justo. Maecenas rhoncus aliquam lacus. Morbi quis tortor id nulla ultrices aliquet.

Maecenas leo odio, condimentum id, luctus nec, molestie sed, justo. Pellentesque viverra pede ac diam. Cras pellentesque volutpat dui.",Accounts,Low,Closed,student77@testcollege.edu
"Nullam orci pede, venenatis non, sodales sed, tincidunt eu, felis.","Aenean fermentum. Donec ut mauris eget massa tempor convallis. Nulla neque libero, convallis eget, eleifend luctus, ultricies eu, nibh.

Quisque id justo sit amet sapien dignissim vestibulum. Vestibulum ante ipsum primis in faucibus orci luctus et ultrices posuere cubilia Curae; Nulla dapibus dolor vel est. Donec odio justo, sollicitudin ut, suscipit a, feugiat et, eros.",Accounts,High,In Progress,mehtadhup@gmail.com
In sagittis dui vel nisl.,"In hac habitasse platea dictumst. Etiam faucibus cursus urna. Ut tellus.

Nulla ut erat id mauris vulputate elementum. Nullam varius. Nulla facilisi.",Accounts,High,Closed,student79@testcollege.edu
Donec posuere metus vitae ipsum.,"Curabitur gravida nisi at nibh. In hac habitasse platea dictumst. Aliquam augue quam, sollicitudin vitae, consectetuer eget, rutrum at, lorem.

Integer tincidunt ante vel ipsum. Praesent blandit lacinia erat. Vestibulum sed magna at nunc commodo placerat.",IT,Low,In Progress,student80@testcollege.edu
Vestibulum ante ipsum primis in faucibus orci luctus et ultrices posuere cubilia Curae; Mauris viverra diam vitae quam.,Nullam sit amet turpis elementum ligula vehicula consequat. Morbi a ipsum. Integer a nibh.,Library,Low,New,student81@testcollege.edu
Praesent blandit.,"Duis consequat dui nec nisi volutpat eleifend. Donec ut dolor. Morbi vel lectus in quam fringilla rhoncus.

Mauris enim leo, rhoncus sed, vestibulum sit amet, cursus id, turpis. Integer aliquet, massa id lobortis convallis, tortor risus dapibus augue, vel accumsan tellus nisi eu orci. Mauris lacinia sapien quis libero.",Library,Low,Closed,student82@testcollege.edu
Aenean lectus.,"Vestibulum ac est lacinia nisi venenatis tristique. Fusce congue, diam id ornare imperdiet, sapien urna pretium nisl, ut volutpat sapien arcu sed augue. Aliquam erat volutpat.

In congue. Etiam justo. Etiam pretium iaculis justo.",IT,Low,Closed,student83@testcollege.edu
"Lorem ipsum dolor sit amet, consectetuer adipiscing elit.",Cras non velit nec nisi vulputate nonummy. Maecenas tincidunt lacus at velit. Vivamus vel nulla eget eros elementum pellentesque.,Accounts,High,In Progress,student84@testcollege.edu
"Cum sociis natoque penatibus et magnis dis parturient montes, nascetur ridiculus mus.",Phasellus sit amet erat. Nulla tempus. Vivamus in felis eu sapien cursus vestibulum.,IT,Low,In Progress,mehtadhup@gmail.com
Integer tincidunt ante vel ipsum.,In congue. Etiam justo. Etiam pretium iaculis justo.,IT,High,In Progress,student86@testcollege.edu
Donec posuere metus vitae ipsum.,"Vestibulum quam sapien, varius ut, blandit non, interdum in, ante. Vestibulum ante ipsum primis in faucibus orci luctus et ultrices posuere cubilia Curae; Duis faucibus accumsan odio. Curabitur convallis.",Campus Facilities,Low,In Progress,student87@testcollege.edu
Vestibulum rutrum rutrum neque.,Nulla ut erat id mauris vulputate elementum. Nullam varius. Nulla facilisi.,Accounts,Medium,In Progress,mehtadhup@gmail.com
In eleifend quam a odio.,Integer tincidunt ante vel ipsum. Praesent blandit lacinia erat. Vestibulum sed magna at nunc commodo placerat.,Library,Medium,New,student89@testcollege.edu
Suspendisse accumsan tortor quis turpis.,In hac habitasse platea dictumst. Etiam faucibus cursus urna. Ut tellus.,IT,High,Closed,student90@testcollege.edu
Integer ac leo.,Maecenas ut massa quis augue luctus tincidunt. Nulla mollis molestie lorem. Quisque ut erat.,Campus Facilities,High,In Progress,student91@testcollege.edu
Morbi vel lectus in quam fringilla rhoncus.,Sed ante. Vivamus tortor. Duis mattis egestas metus.,Library,Medium,In Progress,student92@testcollege.edu
Sed accumsan felis.,Nulla ut erat id mauris vulputate elementum. Nullam varius. Nulla facilisi.,Accounts,Low,In Progress,student93@testcollege.edu
Phasellus sit amet erat.,"Maecenas tristique, est et tempus semper, est quam pharetra magna, ac consequat metus sapien ut nunc. Vestibulum ante ipsum primis in faucibus orci luctus et ultrices posuere cubilia Curae; Mauris viverra diam vitae quam. Suspendisse potenti.

Nullam porttitor lacus at turpis. Donec posuere metus vitae ipsum. Aliquam non mauris.",IT,Medium,In Progress,student94@testcollege.edu
In hac habitasse platea dictumst.,"Curabitur gravida nisi at nibh. In hac habitasse platea dictumst. Aliquam augue quam, sollicitudin vitae, consectetuer eget, rutrum at, lorem.

Integer tincidunt ante vel ipsum. Praesent blandit lacinia erat. Vestibulum sed magna at nunc commodo placerat.",IT,Medium,New,mehtadhup@gmail.com
Vestibulum sed magna at nunc commodo placerat.,"Suspendisse potenti. In eleifend quam a odio. In hac habitasse platea dictumst.

Maecenas ut massa quis augue luctus tincidunt. Nulla mollis molestie lorem. Quisque ut erat.",Library,High,New,mehtadhup@gmail.com
"Morbi odio odio, elementum eu, interdum eu, tincidunt in, leo.","Nullam sit amet turpis elementum ligula vehicula consequat. Morbi a ipsum. Integer a nibh.

In quis justo. Maecenas rhoncus aliquam lacus. Morbi quis tortor id nulla ultrices aliquet.",Library,Low,In Progress,student97@testcollege.edu
"Maecenas tristique, est et tempus semper, est quam pharetra magna, ac consequat metus sapien ut nunc.","Aenean lectus. Pellentesque eget nunc. Donec quis orci eget orci vehicula condimentum.

Curabitur in libero ut massa volutpat convallis. Morbi odio odio, elementum eu, interdum eu, tincidunt in, leo. Maecenas pulvinar lobortis est.",Accounts,High,New,student98@testcollege.edu
Nullam molestie nibh in lectus.,"Duis consequat dui nec nisi volutpat eleifend. Donec ut dolor. Morbi vel lectus in quam fringilla rhoncus.

Mauris enim leo, rhoncus sed, vestibulum sit amet, cursus id, turpis. Integer aliquet, massa id lobortis convallis, tortor risus dapibus augue, vel accumsan tellus nisi eu orci. Mauris lacinia sapien quis libero.",Accounts,Medium,New,student99@testcollege.edu
Phasellus sit amet erat.,"Fusce posuere felis sed lacus. Morbi sem mauris, laoreet ut, rhoncus aliquet, pulvinar sed, nisl. Nunc rhoncus dui vel sem.

Sed sagittis. Nam congue, risus semper porta volutpat, quam pede lobortis ligula, sit amet eleifend pede libero quis orci. Nullam molestie nibh in lectus.",Campus Facilities,High,In Progress,mehtadhup@gmail.com
Vestibulum ante ipsum primis in faucibus orci luctus et ultrices posuere cubilia Curae; Nulla dapibus dolor vel est.,Sed ante. Vivamus tortor. Duis mattis egestas metus.,IT,High,In Progress,student101@testcollege.edu
